FECHA,18-59,60-69,70-79,80+
2019-01-01,96,42,62,117
2019-01-02,85,44,63,103
2019-01-03,83,35,62,123
2019-01-04,69,36,66,110
2019-01-05,77,46,58,118
2019-01-06,89,52,59,100
2019-01-07,76,48,74,100
2019-01-08,74,53,50,119
2019-01-09,78,34,70,93
2019-01-10,64,45,60,105
2019-01-11,60,42,50,118
2019-01-12,66,32,47,118
2019-01-13,69,43,61,108
2019-01-14,73,44,53,106
2019-01-15,80,34,62,115
2019-01-16,70,45,48,135
2019-01-17,64,43,46,94
2019-01-18,74,36,57,104
2019-01-19,79,54,62,121
2019-01-20,77,45,57,104
2019-01-21,67,32,44,99
2019-01-22,79,42,72,108
2019-01-23,73,34,52,101
2019-01-24,73,40,62,104
2019-01-25,76,46,68,112
2019-01-26,74,31,64,116
2019-01-27,99,40,66,108
2019-01-28,71,45,61,130
2019-01-29,67,60,79,102
2019-01-30,72,41,72,133
2019-01-31,89,42,55,100
2019-02-01,66,48,69,137
2019-02-02,87,60,66,120
2019-02-03,79,54,57,122
2019-02-04,86,44,74,120
2019-02-05,93,48,69,128
2019-02-06,64,57,65,110
2019-02-07,68,35,76,105
2019-02-08,66,49,74,116
2019-02-09,86,42,65,103
2019-02-10,97,30,50,112
2019-02-11,96,47,69,114
2019-02-12,80,43,55,105
2019-02-13,77,38,55,118
2019-02-14,90,56,61,108
2019-02-15,77,41,52,112
2019-02-16,81,37,67,111
2019-02-17,77,44,63,114
2019-02-18,70,45,74,139
2019-02-19,81,45,68,113
2019-02-20,69,34,65,132
2019-02-21,79,40,64,132
2019-02-22,85,45,67,126
2019-02-23,74,48,60,126
2019-02-24,77,42,57,88
2019-02-25,97,34,70,121
2019-02-26,84,39,65,114
2019-02-27,74,44,68,117
2019-02-28,61,52,58,120
2019-03-01,78,43,65,124
2019-03-02,88,45,66,132
2019-03-03,94,49,77,110
2019-03-04,92,45,61,111
2019-03-05,78,53,64,155
2019-03-06,85,41,69,112
2019-03-07,88,39,59,104
2019-03-08,84,43,54,121
2019-03-09,73,49,62,103
2019-03-10,79,40,56,107
2019-03-11,74,41,52,120
2019-03-12,64,50,61,111
2019-03-13,82,45,51,132
2019-03-14,66,36,79,130
2019-03-15,63,48,47,133
2019-03-16,73,38,55,114
2019-03-17,102,45,57,127
2019-03-18,61,43,64,122
2019-03-19,75,38,55,94
2019-03-20,83,42,48,118
2019-03-21,73,42,63,106
2019-03-22,62,36,61,99
2019-03-23,79,39,62,101
2019-03-24,86,46,46,115
2019-03-25,84,47,55,100
2019-03-26,67,29,49,111
2019-03-27,64,44,70,120
2019-03-28,69,34,54,109
2019-03-29,81,39,63,106
2019-03-30,68,49,68,91
2019-03-31,74,41,60,112
2019-04-01,67,59,48,100
2019-04-02,62,36,54,112
2019-04-03,78,37,69,96
2019-04-04,53,34,50,110
2019-04-05,61,49,57,118
2019-04-06,77,31,52,117
2019-04-07,76,30,61,101
2019-04-08,74,44,67,110
2019-04-09,59,45,62,104
2019-04-10,52,43,53,109
2019-04-11,58,47,57,121
2019-04-12,81,33,63,109
2019-04-13,75,37,69,102
2019-04-14,71,37,55,114
2019-04-15,67,37,78,103
2019-04-16,71,49,55,102
2019-04-17,71,32,64,115
2019-04-18,68,44,55,94
2019-04-19,87,43,52,112
2019-04-20,84,41,65,87
2019-04-21,110,36,65,104
2019-04-22,73,50,57,90
2019-04-23,66,50,54,106
2019-04-24,66,36,62,94
2019-04-25,69,42,67,96
2019-04-26,88,38,54,104
2019-04-27,68,47,58,118
2019-04-28,74,29,45,93
2019-04-29,62,49,56,96
2019-04-30,74,46,75,95
2019-05-01,73,34,62,110
2019-05-02,75,34,45,98
2019-05-03,69,35,57,112
2019-05-04,62,41,59,108
2019-05-05,70,44,59,100
2019-05-06,73,29,53,83
2019-05-07,60,34,65,87
2019-05-08,70,31,48,123
2019-05-09,67,38,43,110
2019-05-10,69,44,61,95
2019-05-11,69,39,54,95
2019-05-12,82,40,57,94
2019-05-13,61,61,56,102
2019-05-14,75,37,61,96
2019-05-15,64,31,60,101
2019-05-16,59,49,59,93
2019-05-17,75,31,62,99
2019-05-18,81,31,63,89
2019-05-19,77,41,50,93
2019-05-20,67,39,50,102
2019-05-21,65,35,61,102
2019-05-22,68,37,55,86
2019-05-23,69,37,62,120
2019-05-24,71,38,54,118
2019-05-25,67,38,46,81
2019-05-26,80,43,46,106
2019-05-27,65,46,68,96
2019-05-28,88,46,57,127
2019-05-29,77,35,59,96
2019-05-30,74,38,67,101
2019-05-31,69,34,56,84
2019-06-01,83,35,71,102
2019-06-02,81,42,51,98
2019-06-03,79,43,52,101
2019-06-04,73,38,58,104
2019-06-05,55,48,67,100
2019-06-06,66,41,75,130
2019-06-07,78,35,68,101
2019-06-08,73,44,62,93
2019-06-09,64,45,59,107
2019-06-10,69,38,71,114
2019-06-11,66,32,67,113
2019-06-12,70,38,66,109
2019-06-13,67,37,75,111
2019-06-14,66,42,64,114
2019-06-15,74,40,55,105
2019-06-16,81,38,66,113
2019-06-17,100,44,71,126
2019-06-18,59,47,69,119
2019-06-19,77,40,67,128
2019-06-20,61,26,77,129
2019-06-21,56,39,50,132
2019-06-22,78,48,60,105
2019-06-23,77,47,71,101
2019-06-24,78,51,52,105
2019-06-25,57,37,51,115
2019-06-26,81,36,76,126
2019-06-27,78,47,59,122
2019-06-28,59,45,62,137
2019-06-29,74,39,63,89
2019-06-30,71,46,61,110
2019-07-01,62,47,70,127
2019-07-02,78,38,65,106
2019-07-03,68,55,60,115
2019-07-04,68,40,75,116
2019-07-05,78,39,60,130
2019-07-06,81,36,56,134
2019-07-07,70,42,47,119
2019-07-08,83,34,42,121
2019-07-09,73,39,59,123
2019-07-10,79,54,66,106
2019-07-11,81,44,69,99
2019-07-12,65,48,56,116
2019-07-13,65,55,62,131
2019-07-14,73,34,60,96
2019-07-15,76,53,71,109
2019-07-16,78,41,59,112
2019-07-17,94,47,65,105
2019-07-18,74,46,84,118
2019-07-19,78,45,61,117
2019-07-20,73,42,69,113
2019-07-21,87,39,68,105
2019-07-22,79,35,54,135
2019-07-23,63,47,67,107
2019-07-24,78,39,69,119
2019-07-25,77,43,58,101
2019-07-26,62,47,56,115
2019-07-27,78,61,61,136
2019-07-28,94,41,64,124
2019-07-29,90,44,62,117
2019-07-30,79,40,61,125
2019-07-31,57,54,55,122
2019-08-01,60,48,56,114
2019-08-02,64,36,67,155
2019-08-03,77,47,55,134
2019-08-04,63,30,51,120
2019-08-05,88,47,76,120
2019-08-06,61,46,84,125
2019-08-07,69,30,58,126
2019-08-08,86,47,67,120
2019-08-09,81,38,63,131
2019-08-10,93,50,50,132
2019-08-11,79,43,67,120
2019-08-12,65,51,68,118
2019-08-13,84,53,59,120
2019-08-14,68,42,74,106
2019-08-15,72,56,76,118
2019-08-16,54,41,55,111
2019-08-17,72,37,53,116
2019-08-18,84,55,65,116
2019-08-19,75,47,64,128
2019-08-20,88,44,80,125
2019-08-21,75,45,65,118
2019-08-22,69,38,51,130
2019-08-23,65,38,70,92
2019-08-24,62,50,47,79
2019-08-25,74,38,72,109
2019-08-26,65,41,60,111
2019-08-27,75,47,67,91
2019-08-28,84,45,75,119
2019-08-29,71,44,71,128
2019-08-30,83,48,62,107
2019-08-31,85,66,63,134
2019-09-01,67,47,69,122
2019-09-02,98,53,48,118
2019-09-03,60,55,48,122
2019-09-04,78,39,53,104
2019-09-05,62,47,69,121
2019-09-06,66,44,60,111
2019-09-07,78,45,57,101
2019-09-08,85,50,57,117
2019-09-09,73,42,51,135
2019-09-10,72,40,60,116
2019-09-11,67,44,51,114
2019-09-12,76,55,57,126
2019-09-13,94,40,55,107
2019-09-14,94,53,53,125
2019-09-15,88,47,56,115
2019-09-16,81,46,79,124
2019-09-17,67,47,71,143
2019-09-18,78,39,75,115
2019-09-19,75,41,65,138
2019-09-20,80,54,62,116
2019-09-21,72,38,64,104
2019-09-22,97,45,53,136
2019-09-23,68,60,65,113
2019-09-24,79,45,65,117
2019-09-25,69,48,60,120
2019-09-26,79,45,59,111
2019-09-27,85,27,65,107
2019-09-28,76,46,67,110
2019-09-29,92,32,58,120
2019-09-30,81,39,77,123
2019-10-01,84,38,62,119
2019-10-02,70,32,76,107
2019-10-03,58,44,72,134
2019-10-04,81,43,79,110
2019-10-05,82,43,60,105
2019-10-06,87,37,60,109
2019-10-07,78,48,61,102
2019-10-08,74,57,61,116
2019-10-09,70,39,57,108
2019-10-10,69,45,68,129
2019-10-11,76,39,44,116
2019-10-12,61,46,68,129
2019-10-13,86,45,55,119
2019-10-14,94,48,75,105
2019-10-15,81,46,74,121
2019-10-16,52,45,60,121
2019-10-17,76,46,84,134
2019-10-18,78,49,65,124
2019-10-19,95,34,37,138
2019-10-20,88,45,68,108
2019-10-21,73,40,64,131
2019-10-22,80,35,62,98
2019-10-23,75,41,55,109
2019-10-24,60,54,54,124
2019-10-25,70,44,52,140
2019-10-26,69,51,63,100
2019-10-27,83,55,60,129
2019-10-28,81,38,60,131
2019-10-29,66,44,87,120
2019-10-30,65,50,66,119
2019-10-31,80,40,53,118
2019-11-01,84,49,69,113
2019-11-02,79,63,62,135
2019-11-03,88,47,55,123
2019-11-04,72,46,47,120
2019-11-05,79,43,65,129
2019-11-06,81,38,52,113
2019-11-07,75,48,59,126
2019-11-08,82,48,61,109
2019-11-09,71,45,57,119
2019-11-10,85,45,61,132
2019-11-11,73,45,72,142
2019-11-12,74,43,62,111
2019-11-13,70,40,63,124
2019-11-14,81,46,73,106
2019-11-15,72,54,65,102
2019-11-16,59,44,76,94
2019-11-17,64,52,54,116
2019-11-18,57,40,70,113
2019-11-19,75,42,60,124
2019-11-20,89,57,66,126
2019-11-21,66,42,57,104
2019-11-22,78,47,61,124
2019-11-23,65,38,55,101
2019-11-24,85,45,57,102
2019-11-25,68,33,69,103
2019-11-26,69,26,53,125
2019-11-27,72,51,53,130
2019-11-28,83,35,68,110
2019-11-29,72,41,59,123
2019-11-30,85,37,52,123
2019-12-01,78,39,64,118
2019-12-02,90,42,65,107
2019-12-03,88,39,63,117
2019-12-04,68,49,55,116
2019-12-05,60,47,68,130
2019-12-06,90,40,54,108
2019-12-07,73,41,61,122
2019-12-08,68,37,63,131
2019-12-09,76,52,59,103
2019-12-10,74,38,66,104
2019-12-11,64,47,59,108
2019-12-12,66,45,71,112
2019-12-13,75,34,63,104
2019-12-14,99,32,64,117
2019-12-15,98,38,72,112
2019-12-16,80,50,55,128
2019-12-17,62,42,67,99
2019-12-18,69,42,61,111
2019-12-19,74,47,50,131
2019-12-20,82,61,47,101
2019-12-21,76,46,51,118
2019-12-22,76,37,49,101
2019-12-23,68,59,55,107
2019-12-24,76,43,84,119
2019-12-25,92,46,54,111
2019-12-26,91,44,64,124
2019-12-27,82,24,70,129
2019-12-28,90,43,65,124
2019-12-29,79,31,72,126
2019-12-30,96,43,71,114
2019-12-31,79,52,80,111
2020-01-01,109,52,81,137
2020-01-02,81,47,91,115
2020-01-03,85,45,63,131
2020-01-04,92,55,70,118
2020-01-05,88,50,77,146
2020-01-06,105,63,68,136
2020-01-07,94,35,81,112
2020-01-08,76,58,77,134
2020-01-09,103,49,84,130
2020-01-10,68,53,73,119
2020-01-11,89,51,71,146
2020-01-12,90,54,76,125
2020-01-13,91,45,68,121
2020-01-14,103,55,64,122
2020-01-15,83,56,73,122
2020-01-16,101,54,65,139
2020-01-17,94,46,53,139
2020-01-18,90,36,62,124
2020-01-19,78,55,55,126
2020-01-20,102,57,73,145
2020-01-21,82,48,71,123
2020-01-22,92,50,67,148
2020-01-23,93,47,65,121
2020-01-24,81,64,68,131
2020-01-25,90,44,81,138
2020-01-26,87,40,60,137
2020-01-27,94,53,69,119
2020-01-28,87,51,85,105
2020-01-29,73,38,76,119
2020-01-30,75,39,64,108
2020-01-31,104,51,60,113
2020-02-01,84,43,75,142
2020-02-02,88,54,73,142
2020-02-03,91,47,67,138
2020-02-04,81,42,80,139
2020-02-05,88,44,67,137
2020-02-06,91,49,88,141
2020-02-07,91,50,78,109
2020-02-08,84,42,69,120
2020-02-09,83,56,75,117
2020-02-10,90,43,63,122
2020-02-11,75,43,72,142
2020-02-12,78,37,61,142
2020-02-13,84,42,74,150
2020-02-14,101,52,80,130
2020-02-15,115,58,76,153
2020-02-16,82,41,57,143
2020-02-17,97,52,58,129
2020-02-18,88,51,65,133
2020-02-19,81,40,70,140
2020-02-20,86,49,90,131
2020-02-21,97,51,81,131
2020-02-22,73,66,71,157
2020-02-23,93,37,88,132
2020-02-24,105,60,70,168
2020-02-25,69,39,78,148
2020-02-26,93,47,70,124
2020-02-27,77,48,71,149
2020-02-28,96,44,74,145
2020-02-29,92,48,76,137
2020-03-01,95,46,65,146
2020-03-02,77,51,73,128
2020-03-03,100,50,72,147
2020-03-04,81,50,72,140
2020-03-05,92,49,66,139
2020-03-06,80,56,75,156
2020-03-07,86,54,70,140
2020-03-08,83,43,77,129
2020-03-09,82,59,64,120
2020-03-10,88,64,79,132
2020-03-11,83,58,68,137
2020-03-12,95,50,69,156
2020-03-13,77,54,62,158
2020-03-14,95,64,79,148
2020-03-15,86,51,80,144
2020-03-16,83,52,57,154
2020-03-17,50,47,69,150
2020-03-18,76,42,77,147
2020-03-19,87,43,65,144
2020-03-20,69,62,72,151
2020-03-21,55,58,54,139
2020-03-22,66,32,51,127
2020-03-23,73,31,66,141
2020-03-24,55,57,57,147
2020-03-25,63,54,69,130
2020-03-26,60,51,69,123
2020-03-27,69,35,68,147
2020-03-28,63,45,79,157
2020-03-29,80,48,72,142
2020-03-30,91,51,73,145
2020-03-31,76,49,67,170
2020-04-01,81,52,83,120
2020-04-02,91,39,71,129
2020-04-03,80,46,76,141
2020-04-04,76,68,82,138
2020-04-05,79,57,67,146
2020-04-06,70,48,71,147
2020-04-07,78,52,75,138
2020-04-08,98,62,78,126
2020-04-09,89,49,88,136
2020-04-10,93,66,96,169
2020-04-11,97,55,90,152
2020-04-12,104,62,77,144
2020-04-13,92,78,97,146
2020-04-14,126,82,99,139
2020-04-15,102,73,78,185
2020-04-16,121,91,97,152
2020-04-17,122,88,94,164
2020-04-18,111,86,90,165
2020-04-19,130,89,113,164
2020-04-20,150,102,115,190
2020-04-21,130,94,126,159
2020-04-22,143,125,112,170
2020-04-23,134,138,144,141
2020-04-24,154,134,142,204
2020-04-25,164,132,157,178
2020-04-26,121,129,147,190
2020-04-27,172,147,115,196
2020-04-28,157,141,151,187
2020-04-29,163,142,162,173
2020-04-30,193,184,171,221
2020-05-01,199,150,171,222
2020-05-02,208,159,184,223
2020-05-03,206,185,205,215
2020-05-04,200,176,177,208
2020-05-05,197,172,196,236
2020-05-06,196,172,191,238
2020-05-07,183,190,195,235
2020-05-08,203,177,186,232
2020-05-09,217,202,234,241
2020-05-10,211,197,207,251
2020-05-11,238,180,184,265
2020-05-12,171,198,219,254
2020-05-13,214,204,225,242
2020-05-14,224,189,241,253
2020-05-15,215,211,227,269
2020-05-16,231,210,209,260
2020-05-17,254,204,216,289
2020-05-18,253,230,250,297
2020-05-19,224,196,234,258
2020-05-20,251,207,231,260
2020-05-21,230,206,206,263
2020-05-22,227,209,223,251
2020-05-23,244,224,221,282
2020-05-24,224,227,252,299
2020-05-25,239,212,247,306
2020-05-26,218,227,202,268
2020-05-27,254,209,257,289
2020-05-28,228,188,234,284
2020-05-29,250,222,256,302
2020-05-30,248,219,236,270
2020-05-31,263,212,232,262
2020-06-01,277,246,253,283
2020-06-02,244,199,227,285
2020-06-03,256,212,212,269
2020-06-04,255,215,253,283
2020-06-05,245,216,248,277
2020-06-06,277,206,258,308
2020-06-07,249,191,214,280
2020-06-08,284,240,220,298
2020-06-09,226,224,224,284
2020-06-10,254,238,223,275
2020-06-11,253,209,229,269
2020-06-12,259,192,256,297
2020-06-13,252,218,254,301
2020-06-14,277,205,241,272
2020-06-15,261,234,234,286
2020-06-16,268,202,247,279
2020-06-17,267,213,215,306
2020-06-18,236,210,207,271
2020-06-19,249,234,258,274
2020-06-20,231,201,228,262
2020-06-21,218,206,235,261
2020-06-22,240,195,209,267
2020-06-23,237,214,181,273
2020-06-24,220,194,195,289
2020-06-25,263,190,208,247
2020-06-26,229,188,217,243
2020-06-27,237,193,231,272
2020-06-28,212,172,213,313
2020-06-29,211,187,211,282
2020-06-30,231,202,223,269
2020-07-01,231,176,199,282
2020-07-02,231,196,239,239
2020-07-03,218,224,219,252
2020-07-04,211,184,227,273
2020-07-05,258,203,230,307
2020-07-06,229,181,225,285
2020-07-07,247,191,220,308
2020-07-08,238,186,224,300
2020-07-09,233,198,227,247
2020-07-10,229,200,230,277
2020-07-11,256,207,241,289
2020-07-12,270,218,245,283
2020-07-13,262,224,219,284
2020-07-14,266,190,241,304
2020-07-15,246,215,259,298
2020-07-16,252,225,223,281
2020-07-17,284,210,240,259
2020-07-18,253,216,229,320
2020-07-19,230,225,236,284
2020-07-20,236,225,239,315
2020-07-21,238,233,217,292
2020-07-22,259,225,244,327
2020-07-23,273,226,219,320
2020-07-24,241,214,235,272
2020-07-25,266,213,242,275
2020-07-26,249,232,222,300
2020-07-27,235,225,248,330
2020-07-28,247,250,231,299
2020-07-29,246,223,238,282
2020-07-30,249,210,231,319
2020-07-31,250,221,250,282
2020-08-01,247,241,268,305
2020-08-02,261,190,227,304
2020-08-03,290,241,236,313
2020-08-04,277,227,245,319
2020-08-05,263,223,198,303
2020-08-06,271,227,235,300
2020-08-07,275,227,269,270
2020-08-08,269,220,236,312
2020-08-09,256,211,238,325
2020-08-10,269,216,224,310
2020-08-11,236,209,224,265
2020-08-12,240,217,258,301
2020-08-13,262,233,261,296
2020-08-14,271,225,235,314
2020-08-15,228,191,214,289
2020-08-16,214,184,219,299
2020-08-17,220,216,258,288
2020-08-18,218,200,230,274
2020-08-19,204,178,210,259
2020-08-20,221,172,201,247
2020-08-21,228,171,212,289
2020-08-22,229,162,200,242
2020-08-23,213,181,218,297
2020-08-24,239,185,203,265
2020-08-25,213,182,195,273
2020-08-26,199,187,178,253
2020-08-27,173,189,200,267
2020-08-28,190,149,191,276
2020-08-29,187,145,172,245
2020-08-30,168,142,175,256
2020-08-31,184,142,166,224
2020-09-01,186,134,163,225
2020-09-02,182,135,183,243
2020-09-03,171,131,168,196
2020-09-04,173,129,159,225
2020-09-05,159,140,154,209
2020-09-06,144,132,165,187
2020-09-07,168,127,159,223
2020-09-08,145,122,142,214
2020-09-09,137,138,150,201
2020-09-10,156,103,147,210
2020-09-11,163,131,130,206
2020-09-12,171,117,127,191
2020-09-13,139,127,123,204
2020-09-14,129,111,152,215
2020-09-15,148,116,141,196
2020-09-16,127,124,117,211
2020-09-17,150,111,135,196
2020-09-18,127,108,113,172
2020-09-19,155,105,128,178
2020-09-20,111,97,141,194
2020-09-21,145,103,118,181
2020-09-22,134,97,110,168
2020-09-23,121,82,113,191
2020-09-24,135,97,110,147
2020-09-25,126,92,125,183
2020-09-26,130,103,119,178
2020-09-27,116,88,111,158
2020-09-28,129,94,122,184
2020-09-29,107,90,106,173
2020-09-30,122,68,92,176
2020-10-01,108,101,114,150
2020-10-02,116,77,93,156
2020-10-03,128,100,102,142
2020-10-04,120,100,82,173
2020-10-05,118,84,95,151
2020-10-06,103,80,107,201
2020-10-07,132,94,110,150
2020-10-08,120,76,86,183
2020-10-09,118,65,102,197
2020-10-10,112,60,115,157
2020-10-11,106,75,86,161
2020-10-12,135,69,101,176
2020-10-13,124,67,96,164
2020-10-14,105,61,82,154
2020-10-15,121,73,101,146
2020-10-16,134,80,102,156
2020-10-17,128,73,94,153
2020-10-18,110,66,86,155
2020-10-19,107,85,98,155
2020-10-20,111,101,94,152
2020-10-21,100,58,99,173
2020-10-22,114,66,83,147
2020-10-23,105,76,101,181
2020-10-24,108,60,93,169
2020-10-25,108,61,91,168
2020-10-26,104,69,93,167
2020-10-27,101,57,75,140
2020-10-28,83,63,91,152
2020-10-29,103,74,82,158
2020-10-30,109,68,86,162
2020-10-31,95,64,92,160
2020-11-01,105,76,91,173
2020-11-02,104,68,99,154
2020-11-03,131,73,102,155
2020-11-04,114,74,89,180
2020-11-05,106,58,90,151
2020-11-06,114,69,88,155
2020-11-07,99,49,82,158
2020-11-08,116,68,92,131
2020-11-09,82,74,85,152
2020-11-10,121,86,90,159
2020-11-11,96,76,99,144
2020-11-12,106,61,81,149
2020-11-13,122,86,79,171
2020-11-14,103,71,92,158
2020-11-15,96,75,82,141
2020-11-16,101,63,88,157
2020-11-17,91,73,95,174
2020-11-18,103,64,98,143
2020-11-19,100,52,94,139
2020-11-20,103,67,95,167
2020-11-21,106,62,92,143
2020-11-22,98,51,93,163
2020-11-23,102,58,91,161
2020-11-24,98,82,92,156
2020-11-25,89,58,102,137
2020-11-26,88,53,100,132
2020-11-27,101,64,87,146
2020-11-28,95,69,83,139
2020-11-29,127,68,88,148
2020-11-30,98,82,97,159
2020-12-01,100,68,106,150
2020-12-02,91,72,98,155
2020-12-03,89,73,84,166
2020-12-04,107,55,85,153
2020-12-05,86,71,79,151
2020-12-06,92,65,64,145
2020-12-07,99,80,104,170
2020-12-08,90,63,90,158
2020-12-09,92,70,89,159
2020-12-10,92,86,92,133
2020-12-11,104,77,79,155
2020-12-12,101,82,92,160
2020-12-13,83,79,98,169
2020-12-14,102,79,116,158
2020-12-15,100,77,93,148
2020-12-16,89,84,102,162
2020-12-17,92,91,88,162
2020-12-18,120,87,102,147
2020-12-19,127,81,106,155
2020-12-20,112,72,119,166
2020-12-21,115,67,110,160
2020-12-22,96,79,105,138
2020-12-23,131,61,98,145
2020-12-24,111,76,90,171
2020-12-25,136,83,109,181
2020-12-26,132,87,115,164
2020-12-27,114,79,103,176
2020-12-28,157,99,86,158
2020-12-29,98,74,114,170
2020-12-30,135,88,117,163
2020-12-31,95,94,122,176
2021-01-01,120,87,119,175
2021-01-02,144,77,115,192
2021-01-03,129,88,121,162
2021-01-04,140,91,152,165
2021-01-05,109,103,116,181
2021-01-06,128,99,119,154
2021-01-07,135,98,121,195
2021-01-08,145,122,123,176
2021-01-09,138,103,135,190
2021-01-10,147,104,153,188
2021-01-11,150,120,161,184
2021-01-12,155,119,137,178
2021-01-13,125,118,166,219
2021-01-14,140,115,136,198
2021-01-15,143,130,147,203
2021-01-16,178,121,162,233
2021-01-17,164,153,183,219
2021-01-18,185,138,196,219
2021-01-19,196,133,198,241
2021-01-20,174,161,173,241
2021-01-21,203,176,187,234
2021-01-22,208,159,184,223
2021-01-23,228,203,175,252
2021-01-24,200,206,179,259
2021-01-25,257,183,218,317
2021-01-26,207,209,188,273
2021-01-27,239,198,199,268
2021-01-28,235,191,233,266
2021-01-29,246,175,214,284
2021-01-30,272,225,201,264
2021-01-31,289,218,222,261
2021-02-01,266,214,253,285
2021-02-02,256,194,214,258
2021-02-03,237,185,228,267
2021-02-04,286,246,212,276
2021-02-05,279,204,243,276
2021-02-06,269,186,244,282
2021-02-07,296,226,233,261
2021-02-08,269,226,292,269
2021-02-09,284,247,255,267
2021-02-10,299,234,231,283
2021-02-11,315,244,257,298
2021-02-12,308,244,284,302
2021-02-13,318,243,242,295
2021-02-14,274,243,240,282
2021-02-15,283,229,250,296
2021-02-16,320,257,242,313
2021-02-17,302,225,272,308
2021-02-18,302,207,255,288
2021-02-19,290,240,271,293
2021-02-20,286,224,237,289
2021-02-21,321,223,209,328
2021-02-22,300,233,238,285
2021-02-23,296,245,208,263
2021-02-24,297,243,243,272
2021-02-25,294,222,225,266
2021-02-26,276,245,247,274
2021-02-27,319,223,238,273
2021-02-28,316,208,256,256
2021-03-01,292,244,245,331
2021-03-02,291,219,268,293
2021-03-03,332,215,255,324
2021-03-04,297,193,246,310
2021-03-05,275,243,245,270
2021-03-06,276,219,232,274
2021-03-07,246,206,209,290
2021-03-08,302,233,241,294
2021-03-09,280,230,248,301
2021-03-10,261,225,210,294
2021-03-11,263,222,230,289
2021-03-12,299,212,224,288
2021-03-13,323,197,215,300
2021-03-14,297,228,236,284
2021-03-15,288,238,257,294
2021-03-16,293,222,243,280
2021-03-17,281,229,253,277
2021-03-18,306,230,223,296
2021-03-19,314,202,215,285
2021-03-20,300,201,204,308
2021-03-21,275,228,235,279
2021-03-22,304,222,231,284
2021-03-23,275,255,248,253
2021-03-24,316,202,231,302
2021-03-25,304,185,248,306
2021-03-26,302,230,242,260
2021-03-27,327,246,254,290
2021-03-28,339,239,240,287
2021-03-29,343,198,247,286
2021-03-30,346,237,238,294
2021-03-31,308,235,248,284
2021-04-01,331,228,259,306
2021-04-02,329,230,241,284
2021-04-03,322,256,240,291
2021-04-04,334,233,263,327
2021-04-05,358,255,295,312
2021-04-06,346,252,268,320
2021-04-07,348,245,251,311
2021-04-08,354,267,257,295
2021-04-09,352,284,282,337
2021-04-10,357,240,252,313
2021-04-11,331,259,275,301
2021-04-12,399,258,269,301
2021-04-13,352,260,287,305
2021-04-14,334,243,263,306
2021-04-15,337,243,264,304
2021-04-16,348,284,285,311
2021-04-17,328,270,256,294
2021-04-18,360,264,260,296
2021-04-19,352,256,318,286
2021-04-20,353,247,293,291
2021-04-21,303,265,300,276
2021-04-22,332,266,262,327
2021-04-23,371,225,264,296
2021-04-24,330,237,273,292
2021-04-25,340,238,252,263
2021-04-26,319,247,249,274
2021-04-27,312,252,249,261
2021-04-28,315,249,283,280
2021-04-29,319,235,265,313
2021-04-30,294,213,239,281
2021-05-01,278,227,262,294
2021-05-02,294,221,264,275
2021-05-03,313,241,227,293
2021-05-04,278,232,229,277
2021-05-05,273,251,267,275
2021-05-06,267,218,235,255
2021-05-07,282,224,240,256
2021-05-08,280,200,197,231
2021-05-09,249,208,242,271
2021-05-10,256,204,235,241
2021-05-11,296,198,225,268
2021-05-12,250,192,225,244
2021-05-13,254,200,202,246
2021-05-14,234,171,221,243
2021-05-15,265,180,205,228
2021-05-16,244,198,219,260
2021-05-17,246,191,198,260
2021-05-18,251,180,203,236
2021-05-19,264,192,228,218
2021-05-20,237,173,181,224
2021-05-21,237,164,207,215
2021-05-22,214,187,198,190
2021-05-23,254,180,166,218
2021-05-24,216,164,189,241
2021-05-25,223,180,191,199
2021-05-26,205,183,197,209
2021-05-27,194,180,200,226
2021-05-28,225,165,174,205
2021-05-29,214,157,184,204
2021-05-30,219,168,162,200
2021-05-31,203,166,181,215
2021-06-01,206,162,198,241
2021-06-02,229,155,161,220
2021-06-03,199,160,172,183
2021-06-04,190,167,135,193
2021-06-05,200,147,163,204
2021-06-06,189,145,151,196
2021-06-07,202,154,138,188
2021-06-08,177,145,141,186
2021-06-09,189,146,153,188
2021-06-10,205,148,135,204
2021-06-11,210,145,121,178
2021-06-12,171,116,130,183
2021-06-13,196,120,115,182
2021-06-14,171,126,133,172
2021-06-15,174,134,145,173
2021-06-16,171,124,123,175
2021-06-17,164,128,103,162
2021-06-18,212,106,109,182
2021-06-19,177,129,117,171
2021-06-20,187,110,104,185
2021-06-21,190,103,110,189
2021-06-22,160,94,104,183
2021-06-23,161,104,94,156
2021-06-24,175,104,110,169
2021-06-25,183,103,101,171
2021-06-26,167,106,108,187
2021-06-27,150,100,120,155
2021-06-28,163,99,94,173
2021-06-29,157,88,106,185
2021-06-30,166,82,99,161
2021-07-01,181,98,109,171
2021-07-02,150,94,93,166
2021-07-03,176,78,92,170
2021-07-04,169,90,90,148
2021-07-05,159,88,109,145
2021-07-06,141,76,112,163
2021-07-07,128,83,102,164
2021-07-08,134,91,101,171
2021-07-09,154,82,111,175
2021-07-10,169,69,93,164
2021-07-11,150,79,101,142
2021-07-12,154,78,98,167
2021-07-13,150,64,100,164
2021-07-14,144,55,79,134
2021-07-15,149,73,75,164
2021-07-16,142,65,98,162
2021-07-17,124,70,94,147
2021-07-18,115,65,97,155
2021-07-19,134,69,89,157
2021-07-20,143,73,109,136
2021-07-21,116,64,96,160
2021-07-22,138,60,75,152
2021-07-23,130,66,74,172
2021-07-24,143,74,82,143
2021-07-25,142,62,88,131
2021-07-26,126,60,81,189
2021-07-27,120,79,99,144
2021-07-28,128,90,78,136
2021-07-29,131,53,70,141
2021-07-30,109,71,96,153
2021-07-31,120,64,91,172
2021-08-01,120,74,70,146
2021-08-02,141,79,103,152
2021-08-03,106,68,83,145
2021-08-04,108,70,72,135
2021-08-05,101,68,74,169
2021-08-06,106,70,93,130
2021-08-07,114,64,88,150
2021-08-08,130,67,84,143
2021-08-09,119,63,81,141
2021-08-10,132,80,80,160
2021-08-11,137,57,81,138
2021-08-12,110,70,84,156
2021-08-13,130,71,94,158
2021-08-14,102,57,83,151
2021-08-15,118,62,81,144
2021-08-16,125,68,87,140
2021-08-17,118,58,76,132
2021-08-18,115,50,84,143
2021-08-19,102,62,72,135
2021-08-20,97,61,78,148
2021-08-21,114,68,83,159
2021-08-22,109,73,81,144
2021-08-23,115,54,76,167
2021-08-24,113,61,77,153
2021-08-25,105,64,87,179
2021-08-26,97,55,89,148
2021-08-27,122,62,70,163
2021-08-28,108,68,81,176
2021-08-29,121,68,88,155
2021-08-30,119,62,71,153
2021-08-31,134,63,90,130
2021-09-01,101,76,82,151
2021-09-02,90,53,101,142
2021-09-03,103,55,55,167
2021-09-04,96,77,86,165
2021-09-05,108,72,83,140
2021-09-06,87,56,88,148
2021-09-07,93,54,65,152
2021-09-08,108,57,77,164
2021-09-09,104,61,89,149
2021-09-10,107,57,78,140
2021-09-11,95,59,91,138
2021-09-12,115,70,70,160
2021-09-13,99,50,97,159
2021-09-14,95,48,81,174
2021-09-15,92,68,66,144
2021-09-16,103,51,70,160
2021-09-17,97,49,85,130
2021-09-18,102,58,89,147
2021-09-19,105,58,82,162
2021-09-20,119,61,87,156
2021-09-21,92,63,83,162
2021-09-22,96,66,66,158
2021-09-23,101,50,80,156
2021-09-24,115,69,68,168
2021-09-25,110,46,74,150
2021-09-26,122,59,72,148
2021-09-27,119,61,83,152
2021-09-28,111,58,87,151
2021-09-29,112,53,79,142
2021-09-30,91,53,63,130
2021-10-01,94,60,78,157
2021-10-02,103,53,87,139
2021-10-03,108,54,77,167
2021-10-04,120,52,87,158
2021-10-05,88,84,84,123
2021-10-06,99,65,93,149
2021-10-07,93,56,70,171
2021-10-08,114,55,75,151
2021-10-09,104,57,81,141
2021-10-10,120,73,85,155
2021-10-11,105,56,82,131
2021-10-12,107,52,78,153
2021-10-13,98,49,84,142
2021-10-14,110,63,77,151
2021-10-15,86,75,88,149
2021-10-16,105,63,97,154
2021-10-17,92,62,92,138
2021-10-18,107,63,78,165
2021-10-19,91,67,65,143
2021-10-20,100,59,79,142
2021-10-21,89,56,82,150
2021-10-22,85,53,87,151
2021-10-23,106,49,101,132
2021-10-24,105,66,72,167
2021-10-25,97,68,82,134
2021-10-26,79,53,83,139
2021-10-27,102,66,77,151
2021-10-28,96,55,73,138
2021-10-29,108,61,91,140
2021-10-30,103,56,87,124
2021-10-31,99,56,70,146
2021-11-01,123,56,94,163
2021-11-02,90,57,88,152
2021-11-03,93,71,96,126
2021-11-04,94,61,87,164
2021-11-05,113,61,84,156
2021-11-06,91,47,83,143
2021-11-07,100,63,95,141
2021-11-08,99,66,72,139
2021-11-09,94,47,86,163
2021-11-10,97,74,71,156
2021-11-11,113,42,78,131
2021-11-12,101,61,85,132
2021-11-13,95,58,73,147
2021-11-14,119,59,77,147
2021-11-15,109,56,81,144
2021-11-16,91,52,68,133
2021-11-17,101,62,81,145
2021-11-18,95,75,82,147
2021-11-19,90,52,74,133
2021-11-20,96,53,66,170
2021-11-21,86,57,85,155
2021-11-22,100,61,101,133
2021-11-23,102,60,82,173
2021-11-24,88,74,82,136
2021-11-25,90,57,90,127
2021-11-26,96,50,87,142
2021-11-27,92,59,90,140
2021-11-28,118,70,85,140
2021-11-29,115,73,77,164
2021-11-30,86,72,86,140
2021-12-01,100,70,87,160
2021-12-02,96,67,76,164
2021-12-03,94,60,94,153
2021-12-04,100,52,90,154
2021-12-05,114,52,75,159
2021-12-06,102,59,91,178
2021-12-07,99,83,66,164
2021-12-08,106,53,89,159
2021-12-09,83,69,79,148
2021-12-10,119,73,70,169
2021-12-11,86,63,83,172
2021-12-12,111,67,109,174
2021-12-13,122,58,80,157
2021-12-14,115,58,99,131
2021-12-15,88,75,85,175
2021-12-16,116,66,81,150
2021-12-17,110,58,77,186
2021-12-18,89,58,72,137
2021-12-19,116,57,88,124
2021-12-20,109,62,73,172
2021-12-21,111,65,72,159
2021-12-22,115,62,87,171
2021-12-23,99,62,81,146
2021-12-24,96,67,99,163
2021-12-25,117,62,95,154
2021-12-26,115,76,101,137
2021-12-27,101,59,100,174
2021-12-28,110,56,90,182
2021-12-29,99,64,89,167
2021-12-30,107,74,89,150
2021-12-31,111,58,100,183
2022-01-01,139,70,97,192
2022-01-02,119,72,98,161
2022-01-03,110,84,100,187
2022-01-04,131,62,94,169
2022-01-05,114,61,118,187
2022-01-06,99,76,102,177
2022-01-07,88,83,116,177
2022-01-08,106,68,103,202
2022-01-09,103,87,92,186
2022-01-10,123,67,110,171
2022-01-11,116,72,99,201
2022-01-12,106,64,105,180
2022-01-13,132,74,79,210
2022-01-14,121,77,101,202
2022-01-15,128,72,105,247
2022-01-16,114,88,115,227
2022-01-17,138,81,112,243
2022-01-18,136,85,110,258
2022-01-19,136,76,107,261
2022-01-20,138,71,109,266
2022-01-21,113,79,99,241
2022-01-22,144,82,116,236
2022-01-23,141,73,117,258
2022-01-24,132,82,134,258
2022-01-25,110,85,128,294
2022-01-26,128,89,136,300
2022-01-27,114,87,113,273
2022-01-28,113,76,138,290
2022-01-29,117,78,122,307
2022-01-30,135,84,136,282
2022-01-31,134,80,151,296
2022-02-01,106,71,134,320
2022-02-02,116,81,124,313
2022-02-03,109,88,126,294
2022-02-04,108,69,127,284
2022-02-05,98,72,112,255
2022-02-06,118,92,107,273
2022-02-07,125,86,95,286
2022-02-08,107,69,127,254
2022-02-09,115,85,116,263
2022-02-10,116,87,122,227
2022-02-11,113,86,95,277
2022-02-12,109,72,113,245
2022-02-13,100,71,123,234
2022-02-14,117,71,117,212
2022-02-15,124,72,95,225
2022-02-16,99,61,103,223
2022-02-17,116,68,92,198
2022-02-18,114,77,98,196
2022-02-19,107,68,103,207
2022-02-20,108,68,86,208
2022-02-21,90,58,107,201
2022-02-22,111,56,95,187
2022-02-23,106,58,94,195
2022-02-24,102,63,92,180
2022-02-25,97,71,89,172
2022-02-26,107,60,93,159
2022-02-27,119,74,87,184
2022-02-28,102,67,92,198
2022-03-01,106,65,90,161
2022-03-02,93,79,83,172
2022-03-03,118,61,85,177
2022-03-04,118,66,81,161
2022-03-05,117,64,81,171
2022-03-06,108,56,81,169
2022-03-07,107,56,80,147
2022-03-08,115,72,93,189
2022-03-09,103,57,82,161
2022-03-10,121,68,78,159
2022-03-11,107,59,80,171
2022-03-12,107,57,76,152
2022-03-13,107,57,85,150
2022-03-14,117,68,86,146
2022-03-15,99,57,85,172
2022-03-16,117,70,79,159
2022-03-17,107,64,90,155
2022-03-18,96,57,96,152
2022-03-19,86,45,97,173
2022-03-20,104,46,83,150
2022-03-21,95,46,76,149
2022-03-22,85,61,75,155
2022-03-23,101,54,83,159
2022-03-24,82,66,68,145
2022-03-25,80,51,82,154
2022-03-26,113,53,86,117
2022-03-27,93,64,74,152
2022-03-28,82,46,83,166
2022-03-29,100,61,88,123
2022-03-30,90,51,85,140
2022-03-31,98,69,72,162
2022-04-01,94,57,63,138
2022-04-02,98,46,67,143
2022-04-03,115,65,75,121
2022-04-04,89,63,93,147
2022-04-05,100,50,90,158
2022-04-06,89,58,85,151
2022-04-07,75,66,73,142
2022-04-08,104,50,82,155
2022-04-09,107,46,76,147
2022-04-10,105,58,83,157
2022-04-11,88,60,65,156
2022-04-12,94,72,89,147
2022-04-13,80,43,88,126
2022-04-14,108,51,98,145
2022-04-15,114,51,62,146
2022-04-16,98,66,72,140
2022-04-17,86,46,71,147
2022-04-18,84,63,71,152
2022-04-19,84,68,74,129
2022-04-20,98,61,74,154
2022-04-21,102,67,71,164
2022-04-22,94,48,82,152
2022-04-23,96,53,85,137
2022-04-24,81,71,72,145
2022-04-25,93,50,77,134
2022-04-26,85,49,83,145
2022-04-27,76,50,101,141
2022-04-28,97,50,71,147
2022-04-29,93,62,84,141
2022-04-30,95,57,64,141
2022-05-01,97,52,80,135
2022-05-02,119,57,68,130
2022-05-03,103,72,103,126
2022-05-04,102,48,84,129
2022-05-05,109,51,67,145
2022-05-06,95,54,81,126
2022-05-07,92,60,69,125
2022-05-08,118,44,79,139
2022-05-09,118,58,90,163
2022-05-10,95,60,80,140
2022-05-11,100,56,83,127
2022-05-12,97,75,88,157
2022-05-13,101,43,87,137
2022-05-14,95,74,66,177
2022-05-15,89,61,80,133
2022-05-16,102,51,71,153
2022-05-17,82,45,80,144
2022-05-18,97,39,70,149
2022-05-19,79,67,65,149
2022-05-20,93,56,77,142
2022-05-21,101,63,84,138
2022-05-22,95,69,96,122
2022-05-23,113,50,93,144
2022-05-24,95,64,104,134
2022-05-25,97,63,77,138
2022-05-26,99,65,65,167
2022-05-27,92,67,84,140
2022-05-28,98,68,82,169
2022-05-29,95,66,69,138
2022-05-30,79,54,86,161
2022-05-31,100,58,87,142
2022-06-01,77,67,82,141
2022-06-02,122,59,83,160
2022-06-03,95,56,80,138
2022-06-04,81,62,74,130
2022-06-05,110,66,65,155
2022-06-06,132,54,90,152
2022-06-07,103,51,75,149
2022-06-08,79,63,88,154
2022-06-09,75,57,83,134
2022-06-10,87,47,82,144
2022-06-11,88,53,83,139
2022-06-12,102,50,67,143
2022-06-13,84,64,84,139
2022-06-14,77,39,88,161
2022-06-15,85,61,79,155
